Text,Category
Internet bill,utilities
Mobile recharge,utilities
Paid,utilities
Gas cylinder,utilities
Electricity bill,utilities
Electricity bill,utilities
Paid,utilities
Paid,utilities
Gas cylinder,utilities
Electricity bill,utilities
Paid,utilities
Paid,utilities
Gas cylinder,utilities
Internet bill,utilities
Paid,utilities
Paid,utilities
Paid,utilities
Gas cylinder,utilities
Mobile recharge,utilities
Gas cylinder,utilities
Electricity bill,utilities
Paid,utilities
Internet bill,utilities
Electricity bill,utilities
Paid,utilities
Paid,utilities
Internet bill,utilities
Paid,utilities
Mobile recharge,utilities
Mobile recharge,utilities
Mobile recharge,utilities
Paid,utilities
Internet bill,utilities
Internet bill,utilities
Gas cylinder,utilities
Gas cylinder,utilities
Paid,utilities
Internet bill,utilities
Paid,utilities
Gas cylinder,utilities
Gas cylinder,utilities
Mobile recharge,utilities
Internet bill,utilities
Internet bill,utilities
Gas cylinder,utilities
Mobile recharge,utilities
Gas cylinder,utilities
Electricity bill,utilities
Mobile recharge,utilities
Electricity bill,utilities
Gas cylinder,utilities
Electricity bill,utilities
Internet bill,utilities
Paid,utilities
Mobile recharge,utilities
Paid,utilities
Electricity bill,utilities
Electricity bill,utilities
Electricity bill,utilities
Internet bill,utilities
Electricity bill,utilities
Paid,utilities
Internet bill,utilities
Paid,utilities
Internet bill,utilities
Electricity bill,utilities
Electricity bill,utilities
Electricity bill,utilities
Electricity bill,utilities
Electricity bill,utilities
Internet bill,utilities
Paid,utilities
Mobile recharge,utilities
Paid,utilities
Paid,utilities
Paid,utilities
Internet bill,utilities
Gas cylinder,utilities
Gas cylinder,utilities
Mobile recharge,utilities
Mobile recharge,utilities
Mobile recharge,utilities
Paid,utilities
Paid,utilities
Internet bill,utilities
Mobile recharge,utilities
Electricity bill,utilities
Electricity bill,utilities
Gas cylinder,utilities
Paid,utilities
Paid,utilities
Mobile recharge,utilities
Electricity bill,utilities
Mobile recharge,utilities
Mobile recharge,utilities
Paid,utilities
Electricity bill,utilities
Mobile recharge,utilities
Internet bill,utilities
Gas cylinder,utilities
Internet bill,utilities
Electricity bill,utilities
Internet bill,utilities
Mobile recharge,utilities
Mobile recharge,utilities
Gas cylinder,utilities
Mobile recharge,utilities
Internet bill,utilities
Electricity bill,utilities
Gas cylinder,utilities
Internet bill,utilities
Electricity bill,utilities
Gas cylinder,utilities
Electricity bill,utilities
Internet bill,utilities
Internet bill,utilities
Internet bill,utilities
Electricity bill,utilities
Electricity bill,utilities
Mobile recharge,utilities
Paid,utilities
Electricity bill,utilities
Gas cylinder,utilities
Electricity bill,utilities
Electricity bill,utilities
Paid,utilities
Gas cylinder,utilities
Paid,utilities
Mobile recharge,utilities
Internet bill,utilities
Internet bill,utilities
Internet bill,utilities
Mobile recharge,utilities
Paid,utilities
Gas cylinder,utilities
Electricity bill,utilities
Gas cylinder,utilities
Paid,utilities
Paid,utilities
Gas cylinder,utilities
Paid,utilities
Gas cylinder,utilities
Internet bill,utilities
Internet bill,utilities
Mobile recharge,utilities
Internet bill,utilities
Paid,utilities
Gas cylinder,utilities
Electricity bill,utilities
Electricity bill,utilities
Internet bill,utilities
Gas cylinder,utilities
Mobile recharge,utilities
Internet bill,utilities
Mobile recharge,utilities
Gas cylinder,utilities
Paid,utilities
Internet bill,utilities
Paid,utilities
Paid,utilities
Mobile recharge,utilities
Gas cylinder,utilities
Mobile recharge,utilities
Gas cylinder,utilities
Electricity bill,utilities
Paid,utilities
Gas cylinder,utilities
Electricity bill,utilities
Mobile recharge,utilities
Internet bill,utilities
Paid,utilities
Internet bill,utilities
Internet bill,utilities
Mobile recharge,utilities
Mobile recharge,utilities
Gas cylinder,utilities
Internet bill,utilities
Electricity bill,utilities
Mobile recharge,utilities
Paid,utilities
Electricity bill,utilities
Electricity bill,utilities
Mobile recharge,utilities
Mobile recharge,utilities
Gas cylinder,utilities
Gas cylinder,utilities
Gas cylinder,utilities
Mobile recharge,utilities
Gas cylinder,utilities
Mobile recharge,utilities
Petrol,travel
Train tickets,travel
Flight tickets to Colombo,travel
Petrol,travel
Bus to Kandy,travel
Train tickets,travel
Taxi fare,travel
Petrol,travel
Taxi fare,travel
Taxi fare,travel
Flight tickets to Colombo,travel
Bus to Kandy,travel
Taxi fare,travel
Bus to Kandy,travel
Bus to Kandy,travel
Petrol,travel
Bus to Kandy,travel
Train tickets,travel
Train tickets,travel
Train tickets,travel
Taxi fare,travel
Petrol,travel
Bus to Kandy,travel
Taxi fare,travel
Train tickets,travel
Taxi fare,travel
Petrol,travel
Train tickets,travel
Flight tickets to Colombo,travel
Petrol,travel
Flight tickets to Colombo,travel
Bus to Kandy,travel
Petrol,travel
Flight tickets to Colombo,travel
Train tickets,travel
Taxi fare,travel
Petrol,travel
Taxi fare,travel
Taxi fare,travel
Train tickets,travel
Bus to Kandy,travel
Petrol,travel
Flight tickets to Colombo,travel
Bus to Kandy,travel
Taxi fare,travel
Flight tickets to Colombo,travel
Bus to Kandy,travel
Train tickets,travel
Petrol,travel
Bus to Kandy,travel
Train tickets,travel
Petrol,travel
Flight tickets to Colombo,travel
Train tickets,travel
Petrol,travel
Petrol,travel
Taxi fare,travel
Petrol,travel
Taxi fare,travel
Train tickets,travel
Flight tickets to Colombo,travel
Flight tickets to Colombo,travel
Petrol,travel
Flight tickets to Colombo,travel
Taxi fare,travel
Taxi fare,travel
Petrol,travel
Bus to Kandy,travel
Bus to Kandy,travel
Flight tickets to Colombo,travel
Bus to Kandy,travel
Petrol,travel
Petrol,travel
Taxi fare,travel
Train tickets,travel
Flight tickets to Colombo,travel
Bus to Kandy,travel
Train tickets,travel
Flight tickets to Colombo,travel
Bus to Kandy,travel
Petrol,travel
Petrol,travel
Flight tickets to Colombo,travel
Bus to Kandy,travel
Train tickets,travel
Petrol,travel
Taxi fare,travel
Taxi fare,travel
Train tickets,travel
Flight tickets to Colombo,travel
Train tickets,travel
Taxi fare,travel
Train tickets,travel
Train tickets,travel
Train tickets,travel
Taxi fare,travel
Petrol,travel
Petrol,travel
Taxi fare,travel
Bus to Kandy,travel
Flight tickets to Colombo,travel
Train tickets,travel
Train tickets,travel
Flight tickets to Colombo,travel
Bus to Kandy,travel
Petrol,travel
Train tickets,travel
Taxi fare,travel
Taxi fare,travel
Taxi fare,travel
Train tickets,travel
Petrol,travel
Taxi fare,travel
Train tickets,travel
Flight tickets to Colombo,travel
Taxi fare,travel
Bus to Kandy,travel
Flight tickets to Colombo,travel
Train tickets,travel
Flight tickets to Colombo,travel
Train tickets,travel
Flight tickets to Colombo,travel
Petrol,travel
Taxi fare,travel
Bus to Kandy,travel
Train tickets,travel
Flight tickets to Colombo,travel
Bus to Kandy,travel
Flight tickets to Colombo,travel
Flight tickets to Colombo,travel
Taxi fare,travel
Bus to Kandy,travel
Train tickets,travel
Taxi fare,travel
Train tickets,travel
Bus to Kandy,travel
Taxi fare,travel
Flight tickets to Colombo,travel
Taxi fare,travel
Taxi fare,travel
Train tickets,travel
Flight tickets to Colombo,travel
Petrol,travel
Petrol,travel
Petrol,travel
Bus to Kandy,travel
Bus to Kandy,travel
Taxi fare,travel
Train tickets,travel
Petrol,travel
Petrol,travel
Flight tickets to Colombo,travel
Bus to Kandy,travel
Taxi fare,travel
Petrol,travel
Petrol,travel
Taxi fare,travel
Taxi fare,travel
Bus to Kandy,travel
Petrol,travel
Bus to Kandy,travel
Petrol,travel
Train tickets,travel
Train tickets,travel
Flight tickets to Colombo,travel
Taxi fare,travel
Bus to Kandy,travel
Petrol,travel
Flight tickets to Colombo,travel
Petrol,travel
Petrol,travel
Flight tickets to Colombo,travel
Train tickets,travel
Bus to Kandy,travel
Flight tickets to Colombo,travel
Flight tickets to Colombo,travel
Bus to Kandy,travel
Taxi fare,travel
Taxi fare,travel
Train tickets,travel
Petrol,travel
Taxi fare,travel
Bus to Kandy,travel
Train tickets,travel
Bus to Kandy,travel
Petrol,travel
Taxi fare,travel
Train tickets,travel
Petrol,travel
Bus to Kandy,travel
Taxi fare,travel
Train tickets,travel
Petrol,travel
Taxi fare,travel
Train tickets,travel
Flight tickets to Colombo,travel
Train tickets,travel
Bus to Kandy,travel
Bus to Kandy,travel
Taxi fare,travel
Flight tickets to Colombo,travel
Taxi fare,travel
Bus to Kandy,travel
Train tickets,travel
Train tickets,travel
Train tickets,travel
Flight tickets to Colombo,travel
Bus to Kandy,travel
Flight tickets to Colombo,travel
Train tickets,travel
Petrol,travel
Flight tickets to Colombo,travel
Flight tickets to Colombo,travel
Train tickets,travel
Train tickets,travel
Flight tickets to Colombo,travel
Vegetables,groceries
Vegetables,groceries
Fruits bought,groceries
Weekly grocery shopping,groceries
Fruits bought,groceries
Fruits bought,groceries
Vegetables,groceries
Groceries,groceries
Weekly grocery shopping,groceries
Bread and milk,groceries
Fruits bought,groceries
Groceries,groceries
Bread and milk,groceries
Vegetables,groceries
Weekly grocery shopping,groceries
Bread and milk,groceries
Bread and milk,groceries
Fruits bought,groceries
Bread and milk,groceries
Fruits bought,groceries
Fruits bought,groceries
Bread and milk,groceries
Fruits bought,groceries
Groceries,groceries
Bread and milk,groceries
Weekly grocery shopping,groceries
Fruits bought,groceries
Fruits bought,groceries
Bread and milk,groceries
Vegetables,groceries
Vegetables,groceries
Weekly grocery shopping,groceries
Bread and milk,groceries
Fruits bought,groceries
Vegetables,groceries
Weekly grocery shopping,groceries
Fruits bought,groceries
Groceries,groceries
Bread and milk,groceries
Groceries,groceries
Groceries,groceries
Bread and milk,groceries
Fruits bought,groceries
Bread and milk,groceries
Weekly grocery shopping,groceries
Groceries,groceries
Vegetables,groceries
Vegetables,groceries
Weekly grocery shopping,groceries
Fruits bought,groceries
Vegetables,groceries
Fruits bought,groceries
Groceries,groceries
Bread and milk,groceries
Weekly grocery shopping,groceries
Weekly grocery shopping,groceries
Bread and milk,groceries
Vegetables,groceries
Fruits bought,groceries
Vegetables,groceries
Vegetables,groceries
Vegetables,groceries
Fruits bought,groceries
Bread and milk,groceries
Bread and milk,groceries
Fruits bought,groceries
Fruits bought,groceries
Bread and milk,groceries
Groceries,groceries
Bread and milk,groceries
Bread and milk,groceries
Bread and milk,groceries
Groceries,groceries
Vegetables,groceries
Groceries,groceries
Groceries,groceries
Bread and milk,groceries
Bread and milk,groceries
Fruits bought,groceries
Vegetables,groceries
Weekly grocery shopping,groceries
Weekly grocery shopping,groceries
Weekly grocery shopping,groceries
Vegetables,groceries
Bread and milk,groceries
Bread and milk,groceries
Weekly grocery shopping,groceries
Bread and milk,groceries
Bread and milk,groceries
Vegetables,groceries
Weekly grocery shopping,groceries
Fruits bought,groceries
Groceries,groceries
Fruits bought,groceries
Groceries,groceries
Weekly grocery shopping,groceries
Vegetables,groceries
Fruits bought,groceries
Weekly grocery shopping,groceries
Weekly grocery shopping,groceries
Fruits bought,groceries
Weekly grocery shopping,groceries
Groceries,groceries
Groceries,groceries
Fruits bought,groceries
Bread and milk,groceries
Bread and milk,groceries
Fruits bought,groceries
Groceries,groceries
Weekly grocery shopping,groceries
Vegetables,groceries
Fruits bought,groceries
Vegetables,groceries
Groceries,groceries
Fruits bought,groceries
Vegetables,groceries
Weekly grocery shopping,groceries
Bread and milk,groceries
Weekly grocery shopping,groceries
Weekly grocery shopping,groceries
Bread and milk,groceries
Bread and milk,groceries
Weekly grocery shopping,groceries
Vegetables,groceries
Fruits bought,groceries
Bread and milk,groceries
Vegetables,groceries
Bread and milk,groceries
Bread and milk,groceries
Groceries,groceries
Bread and milk,groceries
Groceries,groceries
Bread and milk,groceries
Vegetables,groceries
Weekly grocery shopping,groceries
Fruits bought,groceries
Weekly grocery shopping,groceries
Fruits bought,groceries
Groceries,groceries
Fruits bought,groceries
Fruits bought,groceries
Weekly grocery shopping,groceries
Weekly grocery shopping,groceries
Weekly grocery shopping,groceries
Vegetables,groceries
Fruits bought,groceries
Vegetables,groceries
Fruits bought,groceries
Vegetables,groceries
Vegetables,groceries
Groceries,groceries
Vegetables,groceries
Vegetables,groceries
Vegetables,groceries
Bread and milk,groceries
Weekly grocery shopping,groceries
Fruits bought,groceries
Bread and milk,groceries
Weekly grocery shopping,groceries
Weekly grocery shopping,groceries
Weekly grocery shopping,groceries
Bread and milk,groceries
Bread and milk,groceries
Vegetables,groceries
Vegetables,groceries
Groceries,groceries
Weekly grocery shopping,groceries
Bread and milk,groceries
Bread and milk,groceries
Bread and milk,groceries
Vegetables,groceries
Fruits bought,groceries
Vegetables,groceries
Fruits bought,groceries
Bread and milk,groceries
Groceries,groceries
Groceries,groceries
Vegetables,groceries
Fruits bought,groceries
Bread and milk,groceries
Weekly grocery shopping,groceries
Fruits bought,groceries
Vegetables,groceries
Bread and milk,groceries
Vegetables,groceries
Fruits bought,groceries
Bread and milk,groceries
Bread and milk,groceries
Vegetables,groceries
Weekly grocery shopping,groceries
Weekly grocery shopping,groceries
Bread and milk,groceries
Fruits bought,groceries
Groceries,groceries
Netflix subscription,entertainment
Amusement park entry,entertainment
Concert ticket,entertainment
Bought a game,entertainment
Bought a game,entertainment
Concert ticket,entertainment
Amusement park entry,entertainment
Bought a game,entertainment
Netflix subscription,entertainment
Amusement park entry,entertainment
Netflix subscription,entertainment
Concert ticket,entertainment
Concert ticket,entertainment
Bought a game,entertainment
Bought a game,entertainment
Bought a game,entertainment
Concert ticket,entertainment
Netflix subscription,entertainment
Netflix subscription,entertainment
Amusement park entry,entertainment
Concert ticket,entertainment
Watched a movie with,entertainment
Amusement park entry,entertainment
Bought a game,entertainment
Concert ticket,entertainment
Amusement park entry,entertainment
Netflix subscription,entertainment
Concert ticket,entertainment
Concert ticket,entertainment
Amusement park entry,entertainment
Watched a movie with,entertainment
Amusement park entry,entertainment
Amusement park entry,entertainment
Concert ticket,entertainment
Watched a movie with,entertainment
Netflix subscription,entertainment
Bought a game,entertainment
Amusement park entry,entertainment
Netflix subscription,entertainment
Concert ticket,entertainment
Bought a game,entertainment
Watched a movie with,entertainment
Bought a game,entertainment
Watched a movie with,entertainment
Netflix subscription,entertainment
Bought a game,entertainment
Amusement park entry,entertainment
Bought a game,entertainment
Watched a movie with,entertainment
Concert ticket,entertainment
Amusement park entry,entertainment
Netflix subscription,entertainment
Bought a game,entertainment
Concert ticket,entertainment
Amusement park entry,entertainment
Concert ticket,entertainment
Amusement park entry,entertainment
Concert ticket,entertainment
Netflix subscription,entertainment
Amusement park entry,entertainment
Watched a movie with,entertainment
Watched a movie with,entertainment
Netflix subscription,entertainment
Watched a movie with,entertainment
Bought a game,entertainment
Netflix subscription,entertainment
Bought a game,entertainment
Concert ticket,entertainment
Bought a game,entertainment
Bought a game,entertainment
Watched a movie with,entertainment
Watched a movie with,entertainment
Amusement park entry,entertainment
Concert ticket,entertainment
Watched a movie with,entertainment
Netflix subscription,entertainment
Bought a game,entertainment
Concert ticket,entertainment
Concert ticket,entertainment
Netflix subscription,entertainment
Amusement park entry,entertainment
Watched a movie with,entertainment
Concert ticket,entertainment
Netflix subscription,entertainment
Concert ticket,entertainment
Netflix subscription,entertainment
Amusement park entry,entertainment
Amusement park entry,entertainment
Watched a movie with,entertainment
Amusement park entry,entertainment
Amusement park entry,entertainment
Watched a movie with,entertainment
Amusement park entry,entertainment
Netflix subscription,entertainment
Amusement park entry,entertainment
Netflix subscription,entertainment
Amusement park entry,entertainment
Watched a movie with,entertainment
Amusement park entry,entertainment
Watched a movie with,entertainment
Bought a game,entertainment
Amusement park entry,entertainment
Concert ticket,entertainment
Watched a movie with,entertainment
Bought a game,entertainment
Concert ticket,entertainment
Watched a movie with,entertainment
Bought a game,entertainment
Netflix subscription,entertainment
Bought a game,entertainment
Amusement park entry,entertainment
Bought a game,entertainment
Concert ticket,entertainment
Bought a game,entertainment
Concert ticket,entertainment
Netflix subscription,entertainment
Bought a game,entertainment
Concert ticket,entertainment
Netflix subscription,entertainment
Watched a movie with,entertainment
Netflix subscription,entertainment
Watched a movie with,entertainment
Concert ticket,entertainment
Concert ticket,entertainment
Concert ticket,entertainment
Concert ticket,entertainment
Concert ticket,entertainment
Watched a movie with,entertainment
Concert ticket,entertainment
Netflix subscription,entertainment
Concert ticket,entertainment
Watched a movie with,entertainment
Watched a movie with,entertainment
Watched a movie with,entertainment
Watched a movie with,entertainment
Concert ticket,entertainment
Netflix subscription,entertainment
Bought a game,entertainment
Netflix subscription,entertainment
Netflix subscription,entertainment
Amusement park entry,entertainment
Concert ticket,entertainment
Watched a movie with,entertainment
Amusement park entry,entertainment
Amusement park entry,entertainment
Bought a game,entertainment
Bought a game,entertainment
Amusement park entry,entertainment
Amusement park entry,entertainment
Netflix subscription,entertainment
Amusement park entry,entertainment
Bought a game,entertainment
Amusement park entry,entertainment
Concert ticket,entertainment
Watched a movie with,entertainment
Concert ticket,entertainment
Netflix subscription,entertainment
Watched a movie with,entertainment
Amusement park entry,entertainment
Concert ticket,entertainment
Watched a movie with,entertainment
Bought a game,entertainment
Concert ticket,entertainment
Netflix subscription,entertainment
Amusement park entry,entertainment
Concert ticket,entertainment
Netflix subscription,entertainment
Concert ticket,entertainment
Concert ticket,entertainment
Watched a movie with,entertainment
Netflix subscription,entertainment
Bought a game,entertainment
Watched a movie with,entertainment
Bought a game,entertainment
Watched a movie with,entertainment
Bought a game,entertainment
Concert ticket,entertainment
Repaired my gaming PC,electronics
Bought a laptop,electronics
Headphones,electronics
Headphones,electronics
Repaired my gaming PC,electronics
Bought a laptop,electronics
New phone,electronics
New phone,electronics
Repaired my gaming PC,electronics
Headphones,electronics
Headphones,electronics
Repaired my gaming PC,electronics
Purchased a tablet,electronics
Purchased a tablet,electronics
Headphones,electronics
Headphones,electronics
Purchased a tablet,electronics
Repaired my gaming PC,electronics
Bought a laptop,electronics
Headphones,electronics
Purchased a tablet,electronics
Repaired my gaming PC,electronics
Purchased a tablet,electronics
Headphones,electronics
Purchased a tablet,electronics
Headphones,electronics
New phone,electronics
Bought a laptop,electronics
New phone,electronics
Headphones,electronics
Repaired my gaming PC,electronics
Bought a laptop,electronics
Purchased a tablet,electronics
New phone,electronics
Purchased a tablet,electronics
Repaired my gaming PC,electronics
Headphones,electronics
New phone,electronics
Purchased a tablet,electronics
Bought a laptop,electronics
Purchased a tablet,electronics
New phone,electronics
Bought a laptop,electronics
Repaired my gaming PC,electronics
Purchased a tablet,electronics
Headphones,electronics
Repaired my gaming PC,electronics
Bought a laptop,electronics
Headphones,electronics
Repaired my gaming PC,electronics
Repaired my gaming PC,electronics
New phone,electronics
Repaired my gaming PC,electronics
Repaired my gaming PC,electronics
Repaired my gaming PC,electronics
Repaired my gaming PC,electronics
New phone,electronics
Repaired my gaming PC,electronics
Headphones,electronics
Bought a laptop,electronics
Bought a laptop,electronics
Purchased a tablet,electronics
Bought a laptop,electronics
Bought a laptop,electronics
Bought a laptop,electronics
Bought a laptop,electronics
New phone,electronics
Repaired my gaming PC,electronics
New phone,electronics
New phone,electronics
Purchased a tablet,electronics
Bought a laptop,electronics
Repaired my gaming PC,electronics
Headphones,electronics
Repaired my gaming PC,electronics
Repaired my gaming PC,electronics
Purchased a tablet,electronics
New phone,electronics
New phone,electronics
Repaired my gaming PC,electronics
Bought a laptop,electronics
Repaired my gaming PC,electronics
Bought a laptop,electronics
Purchased a tablet,electronics
Bought a laptop,electronics
New phone,electronics
Purchased a tablet,electronics
Headphones,electronics
New phone,electronics
Headphones,electronics
Purchased a tablet,electronics
Headphones,electronics
Headphones,electronics
Headphones,electronics
Purchased a tablet,electronics
Bought a laptop,electronics
New phone,electronics
Repaired my gaming PC,electronics
Headphones,electronics
Purchased a tablet,electronics
Headphones,electronics
Bought a laptop,electronics
Purchased a tablet,electronics
Repaired my gaming PC,electronics
Headphones,electronics
Repaired my gaming PC,electronics
Bought a laptop,electronics
Purchased a tablet,electronics
Repaired my gaming PC,electronics
New phone,electronics
New phone,electronics
Bought a laptop,electronics
Bought a laptop,electronics
Bought a laptop,electronics
New phone,electronics
New phone,electronics
Bought a laptop,electronics
Headphones,electronics
Repaired my gaming PC,electronics
Bought a laptop,electronics
Bought a laptop,electronics
New phone,electronics
Purchased a tablet,electronics
Repaired my gaming PC,electronics
New phone,electronics
Repaired my gaming PC,electronics
Bought a laptop,electronics
Purchased a tablet,electronics
Bought a laptop,electronics
Purchased a tablet,electronics
Headphones,electronics
New phone,electronics
Bought a laptop,electronics
Repaired my gaming PC,electronics
Headphones,electronics
Headphones,electronics
New phone,electronics
New phone,electronics
Headphones,electronics
Repaired my gaming PC,electronics
Purchased a tablet,electronics
Purchased a tablet,electronics
New phone,electronics
Headphones,electronics
Headphones,electronics
Repaired my gaming PC,electronics
Headphones,electronics
Repaired my gaming PC,electronics
Purchased a tablet,electronics
Purchased a tablet,electronics
Purchased a tablet,electronics
Repaired my gaming PC,electronics
Bought a laptop,electronics
Bought a laptop,electronics
Purchased a tablet,electronics
Repaired my gaming PC,electronics
Headphones,electronics
New phone,electronics
Bought a laptop,electronics
Headphones,electronics
Repaired my gaming PC,electronics
Purchased a tablet,electronics
Bought a laptop,electronics
Bought a laptop,electronics
Repaired my gaming PC,electronics
Headphones,electronics
Repaired my gaming PC,electronics
New phone,electronics
Bought a laptop,electronics
Headphones,electronics
New phone,electronics
Bought a laptop,electronics
Purchased a tablet,electronics
Purchased a tablet,electronics
Bought a laptop,electronics
Purchased a tablet,electronics
New phone,electronics
New phone,electronics
Purchased a tablet,electronics
Purchased a tablet,electronics
Repaired my gaming PC,electronics
New phone,electronics
Repaired my gaming PC,electronics
Headphones,electronics
Bought a laptop,electronics
Bought a laptop,electronics
Headphones,electronics
Repaired my gaming PC,electronics
Bought a laptop,electronics
Repaired my gaming PC,electronics
Repaired my gaming PC,electronics
Repaired my gaming PC,electronics
Purchased a tablet,electronics
Headphones,electronics
New phone,electronics
Bought a laptop,electronics
Bought a laptop,electronics
New phone,electronics
Purchased a tablet,electronics
Headphones,electronics
Repaired my gaming PC,electronics
Purchased a tablet,electronics
Bought a laptop,electronics
Repaired my gaming PC,electronics
Purchased a tablet,electronics
Headphones,electronics
Bought a laptop,electronics
Purchased a tablet,electronics
Purchased a tablet,electronics
Headphones,electronics
Purchased a tablet,electronics
New phone,electronics
Bought a laptop,electronics
New phone,electronics
Purchased a tablet,electronics
Purchased a tablet,electronics
New phone,electronics
Repaired my gaming PC,electronics
Bought a laptop,electronics
Purchased a tablet,electronics
Purchased a tablet,electronics
Bought a laptop,electronics
Bought a laptop,electronics
Accessories,Apparel
Accessories,Beauty
Amazon Prime,subscription
Amazon Prime,subscription
Appliances,Household
Appliances,Household
Appliances,Household
Appliances,Household
Appliances,Household
Appliances,Household
Appliances,Household
Appliances,Household
Appliances,Household
Appliances,Household
Appliances,Household
Appliances,Household
Appliances,Household
Appliances,Household
Appliances,Household
Appliances,Household
Appliances,Household
Appliances,Household
Appliances,Household
Appliances,Household
Appliances,Household
Appliances,Household
Appliances,Household
Appliances,Household
Appliances,Household
Appliances,Household
Appliances,Household
Appliances,Household
Appliances,Household
Audible,subscription
Audible,subscription
auto,Transportation
auto,Transportation
auto,Transportation
auto,Transportation
auto,Transportation
auto,Transportation
auto,Transportation
auto,Transportation
auto,Transportation
auto,Transportation
auto,Transportation
auto,Transportation
auto,Transportation
auto,Transportation
auto,Transportation
auto,Transportation
auto,Transportation
auto,Transportation
auto,Transportation
auto,Transportation
auto,Transportation
auto,Transportation
auto,Transportation
auto,Transportation
auto,Transportation
auto,Transportation
auto,Transportation
auto,Transportation
auto,Transportation
auto,Transportation
auto,Transportation
auto,Transportation
auto,Transportation
auto,Transportation
auto,Transportation
auto,Transportation
auto,Transportation
auto,Transportation
auto,Transportation
auto,Transportation
auto,Transportation
auto,Transportation
auto,Transportation
auto,Transportation
auto,Transportation
auto,Transportation
auto,Transportation
auto,Transportation
auto,Transportation
auto,Transportation
auto,Transportation
auto,Transportation
auto,Transportation
auto,Transportation
auto,Transportation
auto,Transportation
auto,Transportation
auto,Transportation
auto,Transportation
auto,Transportation
auto,Transportation
auto,Transportation
auto,Transportation
auto,Transportation
auto,Transportation
auto,Transportation
auto,Transportation
auto,Transportation
auto,Transportation
auto,Transportation
auto,Transportation
auto,Transportation
auto,Transportation
auto,Transportation
auto,Transportation
auto,Transportation
auto,Transportation
auto,Transportation
auto,Transportation
auto,Transportation
auto,Transportation
auto,Transportation
auto,Transportation
auto,Transportation
auto,Transportation
auto,Transportation
auto,Transportation
auto,Transportation
auto,Transportation
auto,Transportation
auto,Transportation
auto,Transportation
auto,Transportation
auto,Transportation
auto,Transportation
auto,Transportation
auto,Transportation
auto,Transportation
auto,Transportation
auto,Transportation
auto,Transportation
auto,Transportation
auto,Transportation
auto,Transportation
auto,Transportation
auto,Transportation
auto,Transportation
auto,Transportation
auto,Transportation
auto,Transportation
auto,Transportation
auto,Transportation
auto,Transportation
auto,Transportation
auto,Transportation
auto,Transportation
auto,Transportation
auto,Transportation
auto,Transportation
auto,Transportation
auto,Transportation
auto,Transportation
auto,Transportation
auto,Transportation
auto,Transportation
auto,Transportation
auto,Transportation
auto,Transportation
auto,Transportation
auto,Transportation
auto,Transportation
auto,Transportation
auto,Transportation
auto,Transportation
auto,Transportation
auto,Transportation
auto,Transportation
auto,Transportation
auto,Transportation
auto,Transportation
auto,Transportation
auto,Transportation
beverage,Food
beverage,Food
beverage,Food
beverage,Food
beverage,Food
beverage,Food
beverage,Food
beverage,Food
beverage,Food
beverage,Food
beverage,Food
beverage,Food
beverage,Food
beverage,Food
beverage,Food
beverage,Food
beverage,Food
beverage,Food
beverage,Food
beverage,Food
beverage,Food
beverage,Food
beverage,Food
beverage,Food
beverage,Food
beverage,Food
beverage,Food
Bike,Transportation
Bike,Transportation
Bike,Transportation
Bike,Transportation
Bike,Transportation
Bike,Transportation
Bike,Transportation
Bike,Transportation
Bike,Transportation
Bike,Transportation
Bike,Transportation
Bike,Transportation
Biscuits,Food
Biscuits,Food
Biscuits,Food
Biscuits,Food
Biscuits,Food
Biscuits,Food
Biscuits,Food
Biscuits,Food
Biscuits,Food
Biscuits,Food
Biscuits,Food
Biscuits,Food
Books,Culture
Bread,Food
Bread,Food
Bread,Food
Bread,Food
Bread,Food
Bread,Food
Bread,Food
Bread,Food
Bread,Food
Bread,Food
Bread,Food
Bread,Food
Bread,Food
Bread,Food
Bread,Food
Bread,Food
breakfast,Food
breakfast,Food
breakfast,Food
breakfast,Food
breakfast,Food
breakfast,Food
breakfast,Food
breakfast,Food
breakfast,Food
breakfast,Food
breakfast,Food
breakfast,Food
breakfast,Food
breakfast,Food
breakfast,Food
breakfast,Food
breakfast,Food
breakfast,Food
breakfast,Food
breakfast,Food
breakfast,Food
breakfast,Food
breakfast,Food
breakfast,Food
breakfast,Food
breakfast,Food
breakfast,Food
breakfast,Food
breakfast,Food
Bus,Transportation
Bus,Transportation
Bus,Transportation
Bus,Transportation
Bus,Transportation
Bus,Transportation
Bus,Transportation
Bus,Transportation
Bus,Transportation
Bus,Transportation
Bus,Transportation
Bus,Transportation
Bus,Transportation
Bus,Transportation
Bus,Transportation
Cable TV,subscription
Cable TV,subscription
Cable TV,subscription
chocolate,Food
chocolate,Food
chocolate,Food
chocolate,Food
chocolate,Food
clothes,Family
clothes,Family
clothes,Family
clothes,Family
clothes,Family
clothes,Family
clothes,Family
clothes,Family
Clothing,Apparel
Clothing,Apparel
Clothing,Apparel
Clothing,Apparel
Clothing,Apparel
Clothing,Apparel
Clothing,Apparel
Clothing,Apparel
Clothing,Apparel
Clothing,Apparel
Clothing,Apparel
Clothing,Apparel
Clothing,Apparel
Clothing,Apparel
Courier,Documents
curd,Food
curd,Food
curd,Food
curd,Food
curd,Food
curd,Food
curd,Food
Dinner,Food
Dinner,Food
Dinner,Food
Dinner,Food
Dinner,Food
Dinner,Food
Dinner,Food
Dinner,Food
Dinner,Food
Dinner,Food
Dinner,Food
Dinner,Food
Dinner,Food
Dinner,Food
Dinner,Food
Dinner,Food
Dinner,Food
Dinner,Food
Dinner,Food
Dinner,Food
Dinner,Food
Dinner,Food
Dinner,Food
Dinner,Food
Dinner,Food
Dinner,Food
Dinner,Food
Dinner,Food
Dinner,Food
Dinner,Food
Dinner,Food
Dinner,Food
Dinner,Food
Dinner,Food
Dinner,Food
Dinner,Food
Dinner,Food
Dinner,Food
Dinner,Food
Dinner,Food
Dinner,Food
Dinner,Food
Dinner,Food
Dinner,Food
Dinner,Food
Dinner,Food
Dinner,Food
Dinner,Food
Dinner,Food
Dinner,Food
Dinner,Food
Dinner,Food
Dinner,Food
Dinner,Food
Dinner,Food
Diwali,Festivals
Diwali,Festivals
Diwali,Festivals
Diwali,Festivals
Diwali,Festivals
Diwali,Festivals
Diwali,Festivals
Diwali,Festivals
Eating out,Food
Eating out,Food
Eating out,Food
Eating out,Food
Eating out,Food
Eating out,Food
Eating out,Food
Eating out,Food
Edtech Course,subscription
Edtech Course,subscription
Edtech Course,subscription
Edtech Course,subscription
Edtech Course,subscription
Edtech Course,subscription
Edtech Course,subscription
Edtech Course,subscription
Edtech Course,subscription
Edtech Course,subscription
Edtech Course,subscription
Edtech Course,subscription
Edtech Course,subscription
Edtech Course,subscription
Eggs,Food
Eggs,Food
Eggs,Food
Eggs,Food
Eggs,Food
Eggs,Food
Eggs,Food
Eggs,Food
Eggs,Food
Eggs,Food
Eggs,Food
Eggs,Food
Eggs,Food
Eggs,Food
Eggs,Food
Eggs,Food
Eggs,Food
Eggs,Food
Eggs,Food
Eggs,Food
Eggs,Food
Eggs,Food
Eggs,Food
Eggs,Food
Eggs,Food
Eggs,Food
Eggs,Food
Entry Fees,Tourism
exam fee,Family
exam fee,Family
flour mill,Food
flour mill,Food
flour mill,Food
flour mill,Food
flour mill,Food
flour mill,Food
flour mill,Food
flour mill,Food
flour mill,Food
flour mill,Food
flour mill,Food
flour mill,Food
flour mill,Food
flour mill,Food
flour mill,Food
flour mill,Food
flour mill,Food
flour mill,Food
flour mill,Food
flour mill,Food
Footwear,Apparel
Footwear,Apparel
Footwear,Apparel
Footwear,Apparel
Footwear,Apparel
Footwear,Apparel
Footwear,Apparel
Footwear,Apparel
Footwear,Apparel
Footwear,Apparel
Footwear,Apparel
fruits,Food
fruits,Food
fruits,Food
fruits,Food
fruits,Food
fruits,Food
fruits,Food
fruits,Food
fruits,Food
fruits,Food
fruits,Food
fruits,Food
fruits,Food
fruits,Food
fruits,Food
fruits,Food
fruits,Food
fruits,Food
fruits,Food
fruits,Food
fruits,Food
fruits,Food
fruits,Food
fruits,Food
fruits,Food
fruits,Food
fruits,Food
fruits,Food
Furniture,Household
Furniture,Household
Furniture,Household
gadgets,Household
gadgets,Household
gadgets,Household
Ganesh Pujan,Festivals
Ganesh Pujan,Festivals
gift,Family
gift,Family
Grocery,Food
Grocery,Food
Grocery,Food
Grocery,Food
Grocery,Food
Grocery,Food
Grocery,Food
Grocery,Food
Grocery,Food
Grocery,Food
Grocery,Food
Grocery,Food
Grocery,Food
Grocery,Food
Grocery,Food
Grocery,Food
Grocery,Food
Grocery,Food
Grocery,Food
Grocery,Food
Grocery,Food
Grocery,Food
Grocery,Food
Grocery,Food
Grocery,Food
Grocery,Food
Grocery,Food
Grocery,Food
Grocery,Food
Grocery,Food
Grocery,Food
Grocery,Food
Grocery,Food
Grocery,Food
Grocery,Food
Grocery,Food
Grocery,Food
Grocery,Food
Grocery,Food
Grocery,Food
Grocery,Food
Grocery,Food
Grocery,Food
Grocery,Food
Grocery,Food
Grocery,Food
Grocery,Food
Grocery,Food
Grocery,Food
Grocery,Food
Grocery,Food
Grocery,Food
Grocery,Food
Grocery,Food
Grocery,Food
Grocery,Food
Grocery,Food
Grocery,Food
Grocery,Food
Grocery,Food
Grocery,Food
Grocery,Food
Grocery,Food
Grocery,Food
Grocery,Food
Grocery,Food
Grocery,Food
Grocery,Food
Grocery,Food
Grocery,Food
Grocery,Food
Grocery,Food
Grocery,Food
Grocery,Food
Grocery,Food
Grocery,Food
Grocery,Food
Grocery,Food
Grocery,Food
Grocery,Food
Grocery,Food
Grocery,Food
Grocery,Food
Grocery,Food
Grocery,Food
Grocery,Food
Grocery,Food
Grocery,Food
Grocery,Food
Grocery,Food
Grocery,Food
Grocery,Food
Grocery,Food
Grocery,Food
Grocery,Food
Grocery,Food
Grocery,Food
Grocery,Food
Grocery,Food
Grocery,Food
Grocery,Food
Grocery,Food
Grocery,Food
Grocery,Food
Grocery,Food
Grocery,Food
Grocery,Food
Grocery,Food
Grocery,Food
Grocery,Food
Grocery,Food
Grocery,Food
Grocery,Food
grooming,Beauty
grooming,Beauty
grooming,Beauty
grooming,Beauty
grooming,Beauty
grooming,Beauty
grooming,Beauty
grooming,Beauty
grooming,Beauty
grooming,Beauty
grooming,Beauty
grooming,Beauty
grooming,Beauty
grooming,Beauty
grooming,Beauty
grooming,Beauty
grooming,Beauty
grooming,Beauty
Hardware,Household
Hardware,Household
Hardware,Household
Hardware,Household
Hardware,Household
Hardware,Household
Hardware,Household
Hardware,Household
Hardware,Household
Hardware,Household
Hardware,Household
Hardware,Household
Hardware,Household
Hardware,Household
Health,Health
Health,Health
Health,Health
Health,Health
Health,Health
Health,Health
Health,Health
Health,Health
Health,Health
Health,Health
Health,Health
Health,Health
Health,Health
Health,Health
Health,Health
Health,Health
Holi,Festivals
Home,Money transfer
Home,Money transfer
Home,Money transfer
Home,Money transfer
Home,Money transfer
Home,Money transfer
Home,Money transfer
Home,Money transfer
Home,Money transfer
Home,Money transfer
Home,Money transfer
Home,Money transfer
Home,Money transfer
Home,Money transfer
Home,Money transfer
home decor,Household
home decor,Household
home decor,Household
home decor,Household
Hospital,Health
Hospital,Health
Hospital,Health
Hospital,Health
Hospital,Health
Hospital,Health
Hospital,Health
Hospital,Health
Hospital,Health
Hospital,Health
Hospital,Health
Hospital,Health
Hospital,Health
Hospital,Health
Hotstar,subscription
Hotstar,subscription
Hotstar,subscription
Ice cream,Food
Ice cream,Food
Ice cream,Food
Ice cream,Food
Ice cream,Food
Ice cream,Food
Ice cream,Food
Ice cream,Food
Ice cream,Food
Ice cream,Food
Ice cream,Food
Ice cream,Food
Ice cream,Food
Ice cream,Food
Ice cream,Food
Ice cream,Food
Ice cream,Food
Ice cream,Food
Ice cream,Food
Ice cream,Food
Ice cream,Food
Ice cream,Food
Ice cream,Food
Ice cream,Food
Ice cream,Food
Ice cream,Food
Ice cream,Food
Ice cream,Food
Ice cream,Food
Ice cream,Food
Ice cream,Food
Ice cream,Food
Ice cream,Food
Ice cream,Food
Ice cream,Food
Ice cream,Food
Kindle unlimited,subscription
Kindle unlimited,subscription
Kindle unlimited,subscription
Kindle unlimited,subscription
Kirana,Household
Kirana,Household
Kirana,Household
Kirana,Household
Kirana,Household
Kirana,Household
Kirana,Household
Kirana,Household
Kirana,Household
Kirana,Household
Kirana,Household
Kirana,Household
Kirana,Household
Kirana,Household
Kirana,Household
Kirana,Household
Kirana,Household
Kirana,Household
Kirana,Household
Kirana,Household
Kirana,Household
Kirana,Household
Kirana,Household
Kirana,Household
Kirana,Household
Kirana,Household
Kirana,Household
Kirana,Household
Kirana,Household
Kirana,Household
Kirana,Household
Kirana,Household
Kirana,Household
Kirana,Household
Kirana,Household
Kirana,Household
Kirana,Household
Kirana,Household
Kirana,Household
Kirana,Household
Kirana,Household
Kirana,Household
Kirana,Household
Kirana,Household
Kirana,Household
Kirana,Household
Kirana,Household
Kirana,Household
Kirana,Household
Kirana,Household
Kirana,Household
Kirana,Household
Kirana,Household
Kirana,Household
Kirana,Household
Kirana,Household
Kirana,Household
Kirana,Household
Kirana,Household
Kirana,Household
Kirana,Household
Kirana,Household
Kirana,Household
Kirana,Household
Kirana,Household
Kirana,Household
Kirana,Household
Kirana,Household
Kirana,Household
Kirana,Household
Kirana,Household
Kirana,Household
Kirana,Household
Kirana,Household
Kirana,Household
Kirana,Household
Kirana,Household
Kirana,Household
Kirana,Household
Kirana,Household
Kirana,Household
Kirana,Household
Kirana,Household
Kitchen,Household
Kitchen,Household
Kitchen,Household
Kitchen,Household
Kitchen,Household
Kitchen,Household
Kitchen,Household
Kitchen,Household
Kitchen,Household
Kitchen,Household
Kitchen,Household
Kitchen,Household
Kitchen,Household
Kitchen,Household
Kitchen,Household
Kitchen,Household
Kitchen,Household
Kitchen,Household
Kitchen,Household
Kitchen,Household
Kitchen,Household
Kitchen,Household
Kitchen,Household
Lab Tests,Health
Lab Tests,Health
Lab Tests,Health
Laundry,Apparel
Laundry,Apparel
Laundry,Apparel
Laundry,Apparel
Laundry,Apparel
Laundry,Apparel
Laundry,Apparel
Laundry,Apparel
Laundry,Apparel
Laundry,Apparel
Laundry,Apparel
Laundry,Apparel
Laundry,Apparel
Laundry,Apparel
Laundry,Apparel
Laundry,Apparel
Laundry,Apparel
Laundry,Apparel
Laundry,Apparel
Laundry,Apparel
LIC,Investment
LIC,Investment
LIC,Investment
Lunch,Food
Lunch,Food
Lunch,Food
Lunch,Food
Lunch,Food
Lunch,Food
Lunch,Food
Lunch,Food
Lunch,Food
Lunch,Food
Lunch,Food
Lunch,Food
Lunch,Food
Lunch,Food
Lunch,Food
Lunch,Food
Lunch,Food
Lunch,Food
Lunch,Food
Lunch,Food
Lunch,Food
Lunch,Food
Lunch,Food
Lunch,Food
Lunch,Food
Lunch,Food
Lunch,Food
Lunch,Food
Lunch,Food
Lunch,Food
Lunch,Food
Lunch,Food
Lunch,Food
Lunch,Food
Lunch,Food
Lunch,Food
Lunch,Food
Lunch,Food
Lunch,Food
Lunch,Food
Lunch,Food
Lunch,Food
Lunch,Food
Lunch,Food
Lunch,Food
Lunch,Food
Lunch,Food
Lunch,Food
Lunch,Food
Lunch,Food
Lunch,Food
Lunch,Food
Lunch,Food
Lunch,Food
Lunch,Food
Lunch,Food
Lunch,Food
Lunch,Food
Lunch,Food
Lunch,Food
Lunch,Food
Lunch,Food
Lunch,Food
Lunch,Food
Lunch,Food
Lunch,Food
Lunch,Food
Lunch,Food
Mahanagar Gas,subscription
Mahanagar Gas,subscription
Mahanagar Gas,subscription
Mahanagar Gas,subscription
Mahanagar Gas,subscription
Makeup,Beauty
makeup,Family
medicine,Family
medicine,Family
Medicine,Health
Medicine,Health
Medicine,Health
Medicine,Health
Medicine,Health
Medicine,Health
Medicine,Health
Medicine,Health
Medicine,Health
Medicine,Health
Medicine,Health
Medicine,Health
Medicine,Health
Medicine,Health
Medicine,Health
Medicine,Health
Medicine,Health
Medicine,Health
Medicine,Health
Medicine,Health
Medicine,Health
Medicine,Health
Medicine,Health
Medicine,Health
Medicine,Health
Medicine,Health
Medicine,Health
Medicine,Health
Medicine,Health
Medicine,Health
Medicine,Health
Medicine,Health
Medicine,Health
Medicine,Health
Medicine,Health
Medicine,Health
Medicine,Health
Medicine,Health
Medicine,Health
Medicine,Health
Medicine,Health
Medicine,Health
Medicine,Health
Medicine,Health
Medicine,Health
Medicine,Health
Medicine,Health
Medicine,Health
Medicine,Health
Medicine,Health
Medicine,Health
Medicine,Health
Medicine,Health
Medicine,Health
Medicine,Health
Medicine,Health
Medicine,Health
Medicine,Health
Medicine,Health
Medicine,Health
Medicine,Health
Milk,Food
Milk,Food
Milk,Food
Milk,Food
Milk,Food
Milk,Food
Milk,Food
Milk,Food
Milk,Food
Milk,Food
Milk,Food
Milk,Food
Milk,Food
Milk,Food
Milk,Food
Milk,Food
Milk,Food
Milk,Food
Milk,Food
Milk,Food
Milk,Food
Milk,Food
Milk,Food
Milk,Food
Milk,Food
Milk,Food
Milk,Food
Milk,Food
Milk,Food
Milk,Food
Milk,Food
Milk,Food
Milk,Food
Milk,Food
Milk,Food
Milk,Food
Milk,Food
Milk,Food
Milk,Food
Milk,Food
Milk,Food
Milk,Food
Milk,Food
Milk,Food
Milk,Food
Milk,Food
Milk,Food
Milk,Food
Milk,Food
Milk,Food
Milk,Food
Milk,Food
Milk,Food
Milk,Food
Milk,Food
Milk,Food
Milk,Food
Milk,Food
Milk,Food
Milk,Food
Milk,Food
Milk,Food
Milk,Food
Milk,Food
Milk,Food
Milk,Food
Milk,Food
Milk,Food
Milk,Food
Milk,Food
Milk,Food
Milk,Food
Milk,Food
Milk,Food
Milk,Food
Milk,Food
Milk,Food
Milk,Food
Milk,Food
Milk,Food
Milk,Food
Milk,Food
Milk,Food
Milk,Food
Milk,Food
Milk,Food
Milk,Food
Milk,Food
Milk,Food
Milk,Food
Milk,Food
Milk,Food
Milk,Food
Milk,Food
Milk,Food
Milk,Food
Milk,Food
Milk,Food
Milk,Food
Milk,Food
Milk,Food
Milk,Food
Milk,Food
Milk,Food
Milk,Food
Milk,Food
Milk,Food
Milk,Food
Milk,Food
Milk,Food
Milk,Food
Milk,Food
Milk,Food
Milk,Food
Milk,Food
Milk,Food
Milk,Food
Milk,Food
Milk,Food
Milk,Food
Milk,Food
Milk,Food
Milk,Food
Milk,Food
Milk,Food
Milk,Food
Milk,Food
Milk,Food
Milk,Food
Milk,Food
Milk,Food
Milk,Food
Milk,Food
Milk,Food
Milk,Food
Milk,Food
Milk,Food
Milk,Food
Milk,Food
Milk,Food
Milk,Food
Milk,Food
Milk,Food
Milk,Food
Milk,Food
Milk,Food
Milk,Food
Milk,Food
Milk,Food
Milk,Food
Milk,Food
Milk,Food
Milk,Food
Milk,Food
Milk,Food
Milk,Food
Milk,Food
Milk,Food
Milk,Food
Milk,Food
Milk,Food
Milk,Food
misc,Family
misc,Family
misc,Family
misc,Family
misc,Family
misc,Family
misc,Family
Mobile Service Provider,subscription
Mobile Service Provider,subscription
Mobile Service Provider,subscription
Mobile Service Provider,subscription
Mobile Service Provider,subscription
Mobile Service Provider,subscription
Mobile Service Provider,subscription
Mobile Service Provider,subscription
Mobile Service Provider,subscription
Mobile Service Provider,subscription
Mobile Service Provider,subscription
Mobile Service Provider,subscription
Mobile Service Provider,subscription
Mobile Service Provider,subscription
Mobile Service Provider,subscription
Mobile Service Provider,subscription
Mobile Service Provider,subscription
Mobile Service Provider,subscription
Mobile Service Provider,subscription
Mobile Service Provider,subscription
Mobile Service Provider,subscription
Mobile Service Provider,subscription
Mobile Service Provider,subscription
Mobile Service Provider,subscription
Mobile Service Provider,subscription
Mobile Service Provider,subscription
Mobile Service Provider,subscription
Mobile Service Provider,subscription
Mobile Service Provider,subscription
Mobile Service Provider,subscription
Mobile Service Provider,subscription
Mobile Service Provider,subscription
Mobile Service Provider,subscription
Mobile Service Provider,subscription
Mobile Service Provider,subscription
Mobile Service Provider,subscription
Mobile Service Provider,subscription
Mobile Service Provider,subscription
Mobile Service Provider,subscription
Mobile Service Provider,subscription
Mobile Service Provider,subscription
Mobile Service Provider,subscription
Mobile Service Provider,subscription
Mobile Service Provider,subscription
Mobile Service Provider,subscription
Mobile Service Provider,subscription
Mobile Service Provider,subscription
Mobile Service Provider,subscription
Mobile Service Provider,subscription
Mobile Service Provider,subscription
Mobile Service Provider,subscription
Mobile Service Provider,subscription
Mobile Service Provider,subscription
Mobile Service Provider,subscription
Mobile Service Provider,subscription
Mobile Service Provider,subscription
Mobile Service Provider,subscription
Mobile Service Provider,subscription
Mobile Service Provider,subscription
Mobile Service Provider,subscription
Mobile Service Provider,subscription
Mobile Service Provider,subscription
Mobile Service Provider,subscription
Mobile Service Provider,subscription
Mobile Service Provider,subscription
Mobile Service Provider,subscription
Movie,Culture
Movie,Culture
Movie,Culture
Movie,Culture
Movie,Culture
Movie,Culture
Movie,Culture
Movie,Culture
Movie,Culture
Mutual fund,Investment
Mutual fund,Investment
Mutual fund,Investment
Mutual fund,Investment
Mutual fund,Investment
Mutual fund,Investment
Mutual fund,Investment
Mutual fund,Investment
Mutual fund,Investment
Mutual fund,Investment
Mutual fund,Investment
Mutual fund,Investment
Mutual fund,Investment
Mutual fund,Investment
Mutual fund,Investment
Mutual fund,Investment
Mutual fund,Investment
Mutual fund,Investment
Mutual fund,Investment
Mutual fund,Investment
Mutual fund,Investment
Mutual fund,Investment
Mutual fund,Investment
Mutual fund,Investment
Mutual fund,Investment
Mutual fund,Investment
Mutual fund,Investment
Mutual fund,Investment
Mutual fund,Investment
Mutual fund,Investment
Mutual fund,Investment
Mutual fund,Investment
Mutual fund,Investment
Mutual fund,Investment
Mutual fund,Investment
Mutual fund,Investment
Mutual fund,Investment
Mutual fund,Investment
Mutual fund,Investment
Mutual fund,Investment
Mutual fund,Investment
Mutual fund,Investment
Mutual fund,Investment
Mutual fund,Investment
Mutual fund,Investment
Mutual fund,Investment
Mutual fund,Investment
Mutual fund,Investment
Mutual fund,Investment
Mutual fund,Investment
Mutual fund,Investment
Mutual fund,Investment
Mutual fund,Investment
Mutual fund,Investment
Mutual fund,Investment
Mutual fund,Investment
Mutual fund,Investment
Mutual fund,Investment
Mutual fund,Investment
Mutual fund,Investment
Mutual fund,Investment
Mutual fund,Investment
Mutual fund,Investment
Mutual fund,Investment
Mutual fund,Investment
Mutual fund,Investment
Navratri,Festivals
Navratri,Festivals
Navratri,Festivals
Netflix,subscription
Netflix,subscription
Netflix,subscription
Netflix,subscription
Netflix,subscription
Netflix,subscription
Netflix,subscription
Netflix,subscription
Newspaper,subscription
Newspaper,subscription
Newspaper,subscription
Newspaper,subscription
Newspaper,subscription
Newspaper,subscription
Newspaper,subscription
Newspaper,subscription
Newspaper,subscription
Onions,Food
Onions,Food
Onions,Food
Onions,Food
Onions,Food
Onions,Food
OTT Platform,subscription
Petrol,Transportation
Pocket money,Family
Pocket money,Family
Pocket money,Family
Pocket money,Family
Pocket money,Family
Pocket money,Family
Pocket money,Family
Pocket money,Family
Pocket money,Family
Pocket money,Family
Pocket money,Family
Pocket money,Family
Pocket money,Family
Pocket money,Family
Pocket money,Family
Pocket money,Family
Pocket money,Family
Pocket money,Family
Pocket money,Family
Pocket money,Family
Pocket money,Family
Pocket money,Family
Pocket money,Family
Pocket money,Family
Pocket money,Family
Pocket money,Family
Pocket money,Family
Pocket money,Family
Pocket money,Family
Pocket money,Family
Pocket money,Family
Pocket money,Family
Pocket money,Family
Pocket money,Family
Pocket money,Family
Pocket money,Family
Pocket money,Family
Pocket money,Family
Pocket money,Family
Pocket money,Family
Pocket money,Family
Pocket money,Family
Pocket money,Family
Pocket money,Family
Pocket money,Family
Pocket money,Family
Pocket money,Family
Pocket money,Family
Pocket money,Family
Potato,Food
Potato,Food
Potato,Food
Potato,Food
Public Provident Fund,Investment
Public Provident Fund,Investment
Public Provident Fund,Investment
Public Provident Fund,Investment
Public Provident Fund,Investment
Public Provident Fund,Investment
Public Provident Fund,Investment
Public Provident Fund,Investment
Public Provident Fund,Investment
Public Provident Fund,Investment
Public Provident Fund,Investment
Public Provident Fund,Investment
Rajgira ladu,Food
Rajgira ladu,Food
Rajgira ladu,Food
Rajgira ladu,Food
Rajgira ladu,Food
Rajgira ladu,Food
Rajgira ladu,Food
Rakshabandhan,Festivals
Rakshabandhan,Festivals
RD,Investment
RD,Investment
RD,Investment
RD,Investment
RD,Investment
RD,Investment
RD,Investment
RD,Investment
RD,Investment
RD,Investment
RD,Investment
RD,Investment
RD,Investment
RD,Investment
RD,Investment
RD,Investment
RD,Investment
RD,Investment
RD,Investment
RD,Investment
RD,Investment
RD,Investment
ropeway,Transportation
Saloon,Grooming
Saloon,Grooming
Saloon,Grooming
Saloon,Grooming
School supplies,Education
snacks,Food
snacks,Food
snacks,Food
snacks,Food
snacks,Food
snacks,Food
snacks,Food
snacks,Food
snacks,Food
snacks,Food
snacks,Food
snacks,Food
snacks,Food
snacks,Food
snacks,Food
snacks,Food
snacks,Food
snacks,Food
snacks,Food
snacks,Food
snacks,Food
snacks,Food
snacks,Food
snacks,Food
snacks,Food
snacks,Food
snacks,Food
snacks,Food
snacks,Food
snacks,Food
snacks,Food
snacks,Food
snacks,Food
snacks,Food
snacks,Food
snacks,Food
snacks,Food
snacks,Food
snacks,Food
snacks,Food
snacks,Food
snacks,Food
snacks,Food
snacks,Food
snacks,Food
snacks,Food
snacks,Food
snacks,Food
snacks,Food
snacks,Food
snacks,Food
snacks,Food
snacks,Food
snacks,Food
snacks,Food
snacks,Food
snacks,Food
snacks,Food
snacks,Food
snacks,Food
snacks,Food
snacks,Food
snacks,Food
snacks,Food
snacks,Food
snacks,Food
snacks,Food
snacks,Food
snacks,Food
snacks,Food
snacks,Food
snacks,Food
snacks,Food
snacks,Food
snacks,Food
snacks,Food
snacks,Food
snacks,Food
snacks,Food
snacks,Food
snacks,Food
snacks,Food
snacks,Food
snacks,Food
snacks,Food
snacks,Food
snacks,Food
snacks,Food
snacks,Food
snacks,Food
snacks,Food
snacks,Food
snacks,Food
snacks,Food
snacks,Food
snacks,Food
snacks,Food
snacks,Food
snacks,Food
snacks,Food
snacks,Food
snacks,Food
snacks,Food
snacks,Food
snacks,Food
snacks,Food
snacks,Food
snacks,Food
snacks,Food
snacks,Food
snacks,Food
snacks,Food
snacks,Food
snacks,Food
snacks,Food
Stationary,Education
Stationary,Education
Stationary,Education
Stationary,Education
Stationary,Education
Stationary,Education
Stationary,Education
Stationary,Education
Stationary,Education
Stationary,Education
Stationary,Education
Stationary,Education
Stationary,Education
Stationary,Education
Stationary,Education
Stationary,Education
Stationary,Education
Sweets,Food
Sweets,Food
Sweets,Food
Sweets,Food
Sweets,Food
Tata Sky,subscription
Tata Sky,subscription
Tata Sky,subscription
Tata Sky,subscription
Tata Sky,subscription
Tata Sky,subscription
Tata Sky,subscription
Tata Sky,subscription
Tata Sky,subscription
Tata Sky,subscription
Tata Sky,subscription
Tata Sky,subscription
Tata Sky,subscription
Tata Sky,subscription
Tata Sky,subscription
Tata Sky,subscription
Tata Sky,subscription
Tata Sky,subscription
Tata Sky,subscription
Tata Sky,subscription
Tata Sky,subscription
Tata Sky,subscription
Tata Sky,subscription
Tata Sky,subscription
Taxi,Transportation
Taxi,Transportation
Taxi,Transportation
Taxi,Transportation
Taxi,Transportation
Taxi,Transportation
Taxi,Transportation
Taxi,Transportation
Taxi,Transportation
Taxi,Transportation
Taxi,Transportation
Taxi,Transportation
Taxi,Transportation
Taxi,Transportation
Taxi,Transportation
Taxi,Transportation
Taxi,Transportation
Taxi,Transportation
Taxi,Transportation
Tea,Food
Tea,Food
Tea,Food
Tea,Food
Tea,Food
Tea,Food
Tea,Food
Tea,Food
Tea,Food
Tea,Food
Tea,Food
Tea,Food
Tea,Food
Tea,Food
Tea,Food
Tea,Food
Tea,Food
Tea,Food
Tea,Food
Tea,Food
Tea,Food
Tea,Food
Tea,Food
Tea,Food
Tea,Food
Tea,Food
Tea,Food
Tea,Food
Tea,Food
Tea,Food
Tea,Food
Tea,Food
Tea,Food
Tea,Food
Tea,Food
Tea,Food
Tea,Food
Tea,Food
Tea,Food
Tea,Food
Tea,Food
Tea,Food
Tea,Food
Toiletries,Household
Toiletries,Household
Toiletries,Household
Toiletries,Household
Toiletries,Household
Toiletries,Household
Toiletries,Household
Toiletries,Household
Toiletries,Household
Toiletries,Household
Toiletries,Household
Toiletries,Household
Toiletries,Household
Toiletries,Household
Train,Transportation
Train,Transportation
train,Transportation
train,Transportation
Train,Transportation
Train,Transportation
Train,Transportation
Train,Transportation
Train,Transportation
Train,Transportation
Train,Transportation
train,Transportation
Train,Transportation
Train,Transportation
Train,Transportation
Train,Transportation
train,Transportation
Train,Transportation
Train,Transportation
Train,Transportation
Train,Transportation
Train,Transportation
Train,Transportation
Train,Transportation
Train,Transportation
Train,Transportation
Train,Transportation
Train,Transportation
Train,Transportation
train,Transportation
train,Transportation
train,Transportation
Train,Transportation
Train,Transportation
train,Transportation
Train,Transportation
Train,Transportation
Train,Transportation
Train,Transportation
Train,Transportation
Train,Transportation
Train,Transportation
train,Transportation
train,Transportation
Train,Transportation
Train,Transportation
Train,Transportation
Train,Transportation
Train,Transportation
Train,Transportation
train,Transportation
Train,Transportation
Train,Transportation
Train,Transportation
train,Transportation
Train,Transportation
Train,Transportation
Train,Transportation
Train,Transportation
Train,Transportation
Train,Transportation
Train,Transportation
Train,Transportation
Train,Transportation
Train,Transportation
train,Transportation
train,Transportation
train,Transportation
train,Transportation
train,Transportation
train,Transportation
Train,Transportation
Train,Transportation
train,Transportation
Travels,Transportation
Travels,Transportation
Travels,Transportation
Travels,Transportation
Travels,Transportation
Travels,Transportation
Travels,Transportation
Travels,Transportation
Travels,Transportation
Travels,Transportation
Travels,Transportation
Travels,Transportation
Travels,Transportation
Travels,Transportation
Travels,Transportation
Travels,Transportation
Travels,Transportation
Travels,Transportation
Travels,Transportation
Trip,Tourism
Trip,Tourism
Trip,Tourism
Trip,Tourism
Updation,Documents
vegetables,Food
vegetables,Food
vegetables,Food
vegetables,Food
vegetables,Food
vegetables,Food
vegetables,Food
vegetables,Food
vegetables,Food
vegetables,Food
vegetables,Food
vegetables,Food
vegetables,Food
vegetables,Food
vegetables,Food
vegetables,Food
vegetables,Food
vegetables,Food
vegetables,Food
vegetables,Food
vegetables,Food
vegetables,Food
vegetables,Food
vegetables,Food
vegetables,Food
Water,Food
Water,Food
Water,Food
Water,Food
Wifi Internet Service,subscription
Wifi Internet Service,subscription
